ID_utilisateur,Nom,Mail
1,Dupont,paul.dupont@email.com
2,Martin,sophie.martin@email.com
3,Lefevre,jean.lefevre@email.com
4,Moreau,marie.moreau@email.com
5,Roussel,pierre.roussel@email.com
6,Leroy,lucie.leroy@email.com
7,Thomas,antoine.thomas@email.com
8,Perrier,claire.perrier@email.com
9,Lambert,olivier.lambert@email.com
10,Dubois,emilie.dubois@email.com
11,Girard,nicolas.girard@email.com
12,Fournier,laure.fournier@email.com
13,Renard,mathieu.renard@email.com
14,Garcia,alicia.garcia@email.com
15,Perez,antoine.perez@email.com
